<?xml version="1.0" encoding="UTF-8"?>
<project-private xmlns="http://www.netbeans.org/ns/project-private/1">
    <editor-bookmarks xmlns="http://www.netbeans.org/ns/editor-bookmarks/2" lastBookmarkId="0"/>
    <open-files xmlns="http://www.netbeans.org/ns/projectui-open-files/2">
        <group>
            <file>file:/C:/xampp/htdocs/Hemel/includes/header.php</file>
            <file>file:/C:/xampp/htdocs/Hemel/functions/function.php</file>
            <file>file:/C:/xampp/htdocs/Hemel/includes/slider.php</file>
            <file>file:/C:/xampp/htdocs/Hemel/login.php</file>
            <file>file:/C:/xampp/htdocs/Hemel/includes/search.php</file>
            <file>file:/C:/xampp/htdocs/Hemel/index.php</file>
            <file>file:/C:/xampp/htdocs/Hemel/includes/footer.php</file>
            <file>file:/C:/xampp/htdocs/Hemel/includes/about.php</file>
            <file>file:/C:/xampp/htdocs/Hemel/config.php</file>
        </group>
    </open-files>
</project-private>
